Raccolta;Elementi;DriveId;WebUrl
Istituti Cessione del Quinto;9;b!3XlrW_67t0WIzBwBs2uaOWQrv6sTzBxLj61ITXai4T7A0KJTGvP_SLfTAANp8Iap;https://racesfinaziaria.sharepoint.com/sites/direzione/Istituti%20Cessione%20del%20Quinto
Fornitori;5;b!3XlrW_67t0WIzBwBs2uaOWQrv6sTzBxLj61ITXai4T4FkHgvaqmwT5M7N9Ocu_WX;https://racesfinaziaria.sharepoint.com/sites/direzione/Fornitori
Documenti;5;b!3XlrW_67t0WIzBwBs2uaOWQrv6sTzBxLj61ITXai4T5MnrCT4i4vSKPTP6MmbIq0;https://racesfinaziaria.sharepoint.com/sites/direzione/Documenti%20condivisi
Istituti di Credito alle Imprese;15;b!3XlrW_67t0WIzBwBs2uaOWQrv6sTzBxLj61ITXai4T5eRWigem47RZ-OePGR7EQD;https://racesfinaziaria.sharepoint.com/sites/direzione/Istituti%20di%20Credito%20alle%20Imprese
Banca Progetto;0;b!3XlrW_67t0WIzBwBs2uaOWQrv6sTzBxLj61ITXai4T5H5eRsGYguS4ibem2mQVvN;https://racesfinaziaria.sharepoint.com/sites/direzione/Banca%20Progetto
Clessidra;0;b!3XlrW_67t0WIzBwBs2uaOWQrv6sTzBxLj61ITXai4T4n8Ly04dtSR55Je1G75kMh;https://racesfinaziaria.sharepoint.com/sites/direzione/Clessidra
Istituti Mutui;3;b!3XlrW_67t0WIzBwBs2uaOWQrv6sTzBxLj61ITXai4T7Lls2HEQ5YRqCxe4peu2yM;https://racesfinaziaria.sharepoint.com/sites/direzione/Istituti%20Mutui
IBL Banca;0;b!3XlrW_67t0WIzBwBs2uaOWQrv6sTzBxLj61ITXai4T5POXFg-acPRa4Lf93fW2tx;https://racesfinaziaria.sharepoint.com/sites/direzione/IBL%20Banca
Illimity;0;b!3XlrW_67t0WIzBwBs2uaOWQrv6sTzBxLj61ITXai4T4h6akXNznVTZwmkxqkZrPr;https://racesfinaziaria.sharepoint.com/sites/direzione/Illimity
Anima Broker;0;b!3XlrW_67t0WIzBwBs2uaOWQrv6sTzBxLj61ITXai4T53YZpFnHgUR6YkmM3a5-NF;https://racesfinaziaria.sharepoint.com/sites/direzione/Anima%20Broker
BNT Banca;0;b!3XlrW_67t0WIzBwBs2uaOWQrv6sTzBxLj61ITXai4T5ywnF5IwszRqdfnkx6EfGt;https://racesfinaziaria.sharepoint.com/sites/direzione/BNT%20Banca
Accordi di segnalazione;3;b!3XlrW_67t0WIzBwBs2uaOWQrv6sTzBxLj61ITXai4T6pmSfOA9r5QZCzpSaFvoMd;https://racesfinaziaria.sharepoint.com/sites/direzione/Accordi%20di%20segnalazione
Documenti Societari;7;b!3XlrW_67t0WIzBwBs2uaOWQrv6sTzBxLj61ITXai4T6DNGpwTgWlTr0AplBCnbk6;https://racesfinaziaria.sharepoint.com/sites/direzione/Documenti%20Societari
Prestiamoci;0;b!3XlrW_67t0WIzBwBs2uaOWQrv6sTzBxLj61ITXai4T5O6bRH6X0TQqsgvGdEyR_T;https://racesfinaziaria.sharepoint.com/sites/direzione/Prestiamoci
Prodotti Assicurativi;5;b!3XlrW_67t0WIzBwBs2uaOWQrv6sTzBxLj61ITXai4T5qG-jez42hQJ53va4YkeyZ;https://racesfinaziaria.sharepoint.com/sites/direzione/Prodotti%20Assicurativi
Agos;0;b!3XlrW_67t0WIzBwBs2uaOWQrv6sTzBxLj61ITXai4T5cqu3Ajh1QQ4z7xElpm5es;https://racesfinaziaria.sharepoint.com/sites/direzione/Agos
Confeserfidi;0;b!3XlrW_67t0WIzBwBs2uaOWQrv6sTzBxLj61ITXai4T7bQx5F39NWTp16xJcmg0r2;https://racesfinaziaria.sharepoint.com/sites/direzione/Confeserfidi
Opyn;0;b!3XlrW_67t0WIzBwBs2uaOWQrv6sTzBxLj61ITXai4T7jWZCEdJhFSaHcx0QA667U;https://racesfinaziaria.sharepoint.com/sites/direzione/Opyn
Banca Sistema;0;b!3XlrW_67t0WIzBwBs2uaOWQrv6sTzBxLj61ITXai4T5TSmGE4-P2QKe4zfPNVpAu;https://racesfinaziaria.sharepoint.com/sites/direzione/Banca%20Sistema
Artigiancassa;0;b!3XlrW_67t0WIzBwBs2uaOWQrv6sTzBxLj61ITXai4T4uCVos5rqSRbDz3pKT2NLG;https://racesfinaziaria.sharepoint.com/sites/direzione/Artigiancassa
Motum;1;b!3XlrW_67t0WIzBwBs2uaOWQrv6sTzBxLj61ITXai4T7KZhtZZH_9R4cO6RvZOgpt;https://racesfinaziaria.sharepoint.com/sites/direzione/Motum
Modulistica;4;b!3XlrW_67t0WIzBwBs2uaOWQrv6sTzBxLj61ITXai4T7AkVX4iV43RaWT_LwxA3AY;https://racesfinaziaria.sharepoint.com/sites/direzione/Modulistica
